PDB_ID,Chain_ID,Inhibitor_Residue_Name,Release_Date,Title
1ATP,E,TPO,,
1ATP,E,SEP,,
1ATP,E,MN,,
1ATP,E,ATP,,
1ATL,A,ZN,,
1ATL,A,CA,,
1ATL,A,0QI,,
1ATL,B,ZN,,
1ATL,B,CA,,
1ATL,B,0QI,,
1ATN,A,ACE,,
1ATN,A,HIC,,
1ATN,B,NAG,,
1ATN,B,BMA,,
1ATN,A,CA,,
1ATN,A,ATP,,
1ATN,D,CA,,
1ATR,A,MG,,
1ATR,A,PO4,,
1ATR,A,ADP,,
1ATS,A,MG,,
1ATS,A,ADP,,
1M13,A,HYF,,
1M15,A,NO3,,
1M15,A,MG,,
1M15,A,ARG,,
1M15,A,ADP,,
1M16,A,SO4,,
1M16,A,FMT,,
1M16,B,SO4,,
1M16,B,FMT,,
1M17,A,AQ4,,
1M18,I,MN,,
1M18,I,1SZ,,
1M18,J,MN,,
1M18,J,1SZ,,
1M18,D,MN,,
1M19,I,MN,,
1M19,I,IMT,,
1M19,I,PYB,,
1M19,I,ABU,,
1M19,I,BAL,,
1M19,I,DIB,,
1M19,J,MN,,
1M19,J,IMT,,
1M19,J,PYB,,
1M19,J,ABU,,
1M19,J,BAL,,
1M19,J,DIB,,
1M19,E,MN,,
1M20,A,HEM,,
2ITM,A,XUL,,
2ITM,A,SO4,,
2ITM,A,NH4,,
2ITM,B,XUL,,
2ITM,B,SO4,,
2ITM,B,NH4,,
2ITY,A,IRE,,
2ITZ,A,CL,,
2ITZ,A,IRE,,
2IVE,A,FAD,,
2IVE,A,GOL,,
2IVE,A,TWN,,
2IVE,B,FAD,,
2IVE,B,GOL,,
2IVE,B,TWN,,
2IVF,A,MES,,
2IVF,A,ACT,,
2IVF,A,GOL,,
2IVF,A,SF4,,
2IVF,A,MO,,
2IVF,A,MGD,,
2IVF,A,MD1,,
2IVF,B,GOL,,
2IVF,B,PO4,,
2IVF,B,F3S,,
2IVF,B,SF4,,
2IVF,C,GOL,,
2IVF,C,HEM,,
2IVG,A,SO4,,
2IVG,A,CL,,
2IVG,B,SO4,,
2IVG,B,CL,,
2IVG,C,SO4,,
2IVG,C,CL,,
2IVG,C,AZI,,
2IVG,D,CL,,
2IVG,D,SO4,,
2IVG,E,CL,,
2IVG,E,SO4,,
2IVG,F,CL,,
2IVG,F,SO4,,
2IVG,G,CL,,
2IVG,G,SO4,,
2IVG,H,CL,,
2IVG,H,SO4,,
2IVG,I,CL,,
2IVG,I,SO4,,
2IVG,J,CL,,
2IVG,J,SO4,,
2IVH,A,ZN,,
2IVI,B,ACW,,
2IVI,B,SO4,,
2IVI,B,FE2,,
2IVJ,A,BCV,,
2IVJ,A,SO4,,
2IVJ,A,FE2,,
2IVN,A,GOL,,
2IVN,A,ANP,,
2IVN,A,MG,,
2IVO,A,WO4,,
2IVO,B,WO4,,
2IVO,C,WO4,,
2IVO,D,WO4,,
2IVP,A,FE2,,
2IVP,A,ATP,,
2IVQ,A,SO4,,
2IVQ,A,CL,,
2IVQ,B,SO4,,
2IVQ,B,CL,,
2IVQ,C,CL,,
2IVQ,C,SO4,,
2IVQ,D,SO4,,
2IVQ,D,CL,,
2IVQ,E,SO4,,
2IVQ,E,CL,,
2IVQ,F,SO4,,
2IVQ,F,CL,,
2IVQ,G,SO4,,
2IVQ,G,CL,,
2IVQ,H,CL,,
2IVQ,H,SO4,,
2IVQ,I,CL,,
2IVQ,I,SO4,,
2IVQ,J,CL,,
2IVQ,J,SO4,,
2IVS,A,FMT,,
2IVS,A,ACK,,
2IVS,B,FMT,,
2IVS,B,ACK,,
2IVT,A,PTR,,
2IVT,A,FMT,,
2IVT,A,AMP,,
2IVU,A,PTR,,
2IVU,A,FMT,,
2IVU,A,ZD6,,
2IVV,A,PTR,,
2IVV,A,FMT,,
2IVV,A,PP1,,
2IVX,A,EDO,,
2IVX,B,EDO,,
2IVZ,A,CA,,
2IVZ,B,CA,,
2IVZ,C,CA,,
2IVZ,D,CA,,
2J05,A,MSE,,
2J05,B,MSE,,
2J06,A,MSE,,
2J06,B,MSE,,
2J07,A,FAD,,
2J07,A,HDF,,
2J07,A,CL,,
2J07,A,PO4,,
2J08,A,CL,,
2J08,A,FAD,,
2J08,A,IRF,,
2J08,A,PO4,,
2J09,A,CL,,
2J09,A,FAD,,
2J09,A,FMN,,
2J09,A,PO4,,
2J0A,A,SO4,,
2J0A,A,K,,
2J0B,A,SO4,,
2J0B,A,K,,
2J0B,A,MN,,
2J0B,A,UDP,,
2J0D,A,HEM,,
2J0D,A,ERY,,
2J0D,B,HEM,,
2J0E,A,ZN,,
2J0E,A,HG,,
2J0E,B,ZN,,
2J0E,B,K,,
2J0E,B,HG,,
2J0F,A,TDR,,
2J0F,B,TDR,,
2J0F,C,TDR,,
2J0G,G,NAG,,
2J0G,G,MAN,,
2J0G,G,FUC,,
2J0G,H,NAG,,
2J0G,H,MAN,,
2J0G,H,FUC,,
2J0G,A,CA,,
2J0G,B,BM3,,
2J0G,B,CA,,
2J0G,C,BM3,,
2J0G,C,CA,,
2J0G,D,CA,,
2J0G,E,BM3,,
2J0G,E,CA,,
2J0G,F,BM3,,
2J0G,F,MAN,,
2J0G,F,CA,,
2J0H,G,NAG,,
2J0H,G,BMA,,
2J0H,H,NAG,,
2J0H,A,CA,,
2J0H,A,ACH,,
2J0H,B,ACH,,
2J0H,B,CA,,
2J0H,C,ACH,,
2J0H,C,CA,,
2J0H,D,CA,,
2J0H,E,ACH,,
2J0H,E,CA,,
2J0H,F,ACH,,
2J0H,F,CA,,
2J0I,A,SEP,,
2J0I,A,EDO,,
2J0J,A,4ST,,
2J0K,A,4ST,,
2J0K,B,4ST,,
2J0L,A,PTR,,
2J0L,A,SO4,,
2J0L,A,MG,,
2J0L,A,ANP,,
2J0M,B,4ST,,
2G6E,A,CRX,,
2G6E,A,MG,,
2G6F,X,NCO,,
2G6G,A,MSE,,
2G6G,A,SO4,,
2G6G,A,GOL,,
2G6H,A,ACT,,
2G6H,A,ZN,,
2G6H,A,HEM,,
2G6H,A,H4B,,
2G6H,A,ARG,,
2G6H,B,ACT,,
2G6H,B,HEM,,
2G6H,B,H4B,,
2G6H,B,ARG,,
2G6I,A,ACT,,
2G6I,A,ZN,,
2G6I,A,HEM,,
2G6I,A,HBI,,
2G6I,A,ARG,,
2G6I,B,ACT,,
2G6I,B,HEM,,
2G6I,B,HBI,,
2G6I,B,ARG,,
2G6J,A,ACT,,
2G6J,A,ZN,,
2G6J,A,HEM,,
2G6J,A,7AP,,
2G6J,A,ARG,,
2G6J,A,NO,,
2G6J,B,ACT,,
2G6J,B,HEM,,
2G6J,B,7AP,,
2G6J,B,ARG,,
2G6J,B,NO,,
2G6K,A,ACT,,
2G6K,A,ZN,,
2G6K,A,HEM,,
2G6K,A,H4B,,
2G6K,A,ARG,,
2G6K,A,NO,,
2G6K,B,ACT,,
2G6K,B,HEM,,
2G6K,B,H4B,,
2G6K,B,ARG,,
2G6K,B,NO,,
2G6L,A,ACT,,
2G6L,A,ZN,,
2G6L,A,HEM,,
2G6L,A,HBI,,
2G6L,A,ARG,,
2G6L,A,NO,,
2G6L,B,ACT,,
2G6L,B,HEM,,
2G6L,B,HBI,,
2G6L,B,ARG,,
2G6L,B,NO,,
2G6M,A,ACT,,
2G6M,A,ZN,,
2G6M,A,HEM,,
2G6M,A,H4B,,
2G6M,A,ARG,,
2G6M,A,CMO,,
2G6M,B,ACT,,
2G6M,B,HEM,,
2G6M,B,H4B,,
2G6M,B,ARG,,
2G6M,B,CMO,,
2G6N,A,ACT,,
2G6N,A,ZN,,
2G6N,A,HEM,,
2G6N,A,HBI,,
2G6N,A,ARG,,
2G6N,A,CMO,,
2G6N,B,ACT,,
2G6N,B,HEM,,
2G6N,B,HBI,,
2G6N,B,ARG,,
2G6N,B,CMO,,
2G6O,A,ACT,,
2G6O,A,CAC,,
2G6O,A,ZN,,
2G6O,A,HEM,,
2G6O,A,ARG,,
2G6O,A,CMO,,
2G6O,A,GOL,,
2G6O,B,ACT,,
2G6O,B,CAC,,
2G6O,B,HEM,,
2G6O,B,ARG,,
2G6O,B,CMO,,
2G6O,B,GOL,,
2G6P,A,CO,,
2G6P,A,K,,
2G6P,A,HM2,,
2G6P,A,EPE,,
2G6P,A,GOL,,
2G6Q,B,M3L,,
2G6Q,A,ZN,,
2G6T,A,MSE,,
2G6T,B,MSE,,
2G6V,A,MSE,,
2G6V,B,MSE,,
2G6W,A,LLF,,
2G6X,A,CR2,,
2G6X,B,CR2,,
2G6X,C,CR2,,
2G6X,D,CR2,,
2G6Y,A,CR2,,
2G6Y,B,CR2,,
2G6Y,C,CR2,,
2G6Y,D,CR2,,
2G6Z,A,SO4,,
2G6Z,B,SO4,,
2G6Z,C,SO4,,
2G70,A,SAM,,
2G70,A,HNT,,
2G70,B,PO4,,
2G70,B,SAM,,
2G70,B,HNT,,
2G71,A,SAH,,
2G71,A,FTS,,
2G71,B,SAH,,
2G71,B,FTS,,
2G71,B,GOL,,
1M21,C,CSI,,
1M21,C,PHA,,
1M21,D,CSI,,
1M21,D,PHA,,
1M22,A,EPE,,
1M22,B,EPE,,
1M24,A,ACE,,
1M24,A,AIB,,
1M24,A,VOL,,
1M24,B,ACE,,
1M24,B,AIB,,
1M24,B,VOL,,
1M24,A,CCN,,
1M24,B,CCN,,
1M26,I,A2G,,
1M26,I,GAL,,
1M26,J,A2G,,
1M26,J,GAL,,
1M26,K,A2G,,
1M26,K,GAL,,
1M26,L,A2G,,
1M26,L,GAL,,
1M27,A,FLC,,
1M40,A,PO4,,
1M40,A,K,,
1M40,A,CB4,,
1M43,C,IVA,,
1M43,C,STA,,
1M43,D,IVA,,
1M43,D,STA,,
1M44,A,SO4,,
1M44,B,SO4,,
1M47,A,SO4,,
1M48,A,FRG,,
1M48,B,FRG,,
1M49,A,CMM,,
1M49,B,CMM,,
1M51,A,MN,,
1M51,A,ACT,,
1M51,A,TSX,,
1M51,A,EDO,,
1M52,A,P17,,
1M52,B,MES,,
1M52,B,P17,,
1M54,A,PLP,,
1M54,A,HEM,,
1M54,B,PLP,,
1M54,B,HEM,,
1M54,C,PLP,,
1M54,C,HEM,,
1M54,D,PLP,,
1M54,D,HEM,,
1M54,E,PLP,,
1M54,E,HEM,,
1M54,F,PLP,,
1M54,F,HEM,,
1M55,A,ZN,,
1M55,A,CL,,
1M55,B,ZN,,
1M55,B,CL,,
3FXI,E,PA1,,
3FXI,E,KDO,,
3FXI,E,GMH,,
3FXI,F,NAG,,
3FXI,G,NAG,,
3FXI,H,PA1,,
3FXI,H,GCS,,
3FXI,H,KDO,,
3FXI,H,GMH,,
3FXI,I,NAG,,
3FXI,J,NAG,,
3FXI,A,FTT,,
3FXI,A,DAO,,
3FXI,A,MYR,,
3FXI,A,PO4,,
3FXI,A,NAG,,
3FXI,A,MG,,
3FXI,B,FTT,,
3FXI,B,DAO,,
3FXI,B,MYR,,
3FXI,B,PO4,,
3FXI,B,NAG,,
3FXI,B,MG,,
3FXI,C,NAG,,
3FXI,D,NAG,,
3FXJ,A,MN,,
3FXJ,A,PO4,,
3FXK,A,MN,,
3FXK,A,PO4,,
3FXL,A,MN,,
3FXL,A,PO4,,
3FXL,A,FLC,,
3FXM,A,MN,,
3FXM,A,PO4,,
3FXM,A,FLC,,
3FXO,A,MN,,
3FXO,A,PO4,,
3FXP,A,CA,,
3FXP,A,ZN,,
3FXP,A,D38,,
3FXP,A,GLO,,
3FXQ,A,BME,,
3FXQ,A,GOL,,
3FXQ,A,FMT,,
3FXQ,A,CL,,
3FXQ,B,BME,,
3FXQ,B,CL,,
3FXR,A,SO4,,
3FXR,A,GOL,,
3FXR,A,ASC,,
3FXR,B,SO4,,
3FXR,B,GOL,,
3FXS,A,CA,,
3FXS,A,RU,,
3FXS,A,GOL,,
3FXT,B,GOL,,
3FXT,C,GOL,,
3FXT,D,GOL,,
3FXT,E,GOL,,
3FXT,F,GOL,,
3FXU,A,TSU,,
3FXU,A,IMD,,
3FXU,A,GOL,,
3FXU,A,CL,,
3FXU,B,TSU,,
3FXU,B,GOL,,
3FXU,B,FMT,,
3FXU,B,CL,,
3FXV,A,643,,
3FXW,A,F10,,
2Y9M,A,EDO,,
2Y9M,B,EDO,,
2Y9N,A,PCA,,
2Y9N,A,NAG,,
2Y9N,A,PGE,,
2Y9Q,A,ANP,,
2Y9R,T,12P,,
2Y9U,A,SO4,,
2Y9W,A,CU,,
2Y9W,A,HO,,
2Y9W,A,PEG,,
2Y9W,B,CU,,
2Y9W,B,HO,,
2Y9W,B,PEG,,
2Y9W,C,PEG,,
2Y9W,D,PGE,,
2Y9X,A,CU,,
2Y9X,A,HO,,
2Y9X,A,0TR,,
2Y9X,B,CU,,
2Y9X,B,HO,,
2Y9X,B,0TR,,
2Y9X,C,CU,,
2Y9X,C,HO,,
2Y9X,C,0TR,,
2Y9X,D,CU,,
2Y9X,D,HO,,
2Y9X,D,0TR,,
3L8K,A,ADP,,
3L8K,A,PO4,,
3L8K,B,ADP,,
3L8K,B,PO4,,
3L8L,A,FVA,,
3L8L,A,DLE,,
3L8L,A,DVA,,
3L8L,A,ETA,,
3L8L,B,FVA,,
3L8L,B,DLE,,
3L8L,B,DVA,,
3L8L,B,ETA,,
3L8L,C,FVA,,
3L8L,C,DLE,,
3L8L,C,DVA,,
3L8L,C,ETA,,
3L8L,D,FVA,,
3L8L,D,DLE,,
3L8L,D,DVA,,
3L8L,D,ETA,,
3L8L,A,NA,,
3L8L,A,IOD,,
3L8L,A,MOH,,
3L8L,B,NA,,
3L8L,B,IOD,,
3L8L,B,MOH,,
3L8L,C,NA,,
3L8L,C,IOD,,
3L8L,D,NA,,
3L8L,D,IOD,,
3L8M,A,MSE,,
3L8M,B,MSE,,
3L8M,A,NA,,
3L8M,B,NA,,
3L8N,A,MSE,,
3L8P,A,0CE,,
3L8Q,A,EDO,,
3L8Q,A,PDO,,
3L8Q,B,EDO,,
3L8Q,B,HEZ,,
3L8Q,C,EDO,,
3L8Q,C,PDO,,
3L8Q,D,EDO,,
3L8S,A,BOG,,
3L8S,A,BFF,,
3L8V,A,L8V,,
3L8W,A,ACE,,
3L8W,A,XAN,,
3L8W,A,NA,,
3L8W,A,4PO,,
3L8X,A,N4D,,
3L8Y,A,GNP,,
3L8Y,A,MG,,
3L8Y,A,CA,,
3L8Y,A,YCN,,
3L8Y,A,ZN,,
3L8Z,A,GNP,,
3L8Z,A,MG,,
3L8Z,A,CA,,
