PDB_ID,CHAIN_ID,INHIBITOR,POCKET_PROBABILITY,POCKET_RESIDUES,OVERLAP,OVERLAP_RESIDUES,ERROR
9L65,A,A1EJN,0.0,,False,,PDB 9l65 不存在
8B5Y,A,P8O,0.7,"['82', '10', '108', '61', '26', '75', '3', '111', '79', '64', '32', '44', '58', '69', '92', '85', '27', '16', '55', '4', '43', '125', '110', '119', '121', '6', '9', '126', '23', '86', '93', '20', '72', '12', '49', '38', '42', '21', '59', '90', '100', '127', '76', '37', '25', '39', '74', '78', '88', '40', '96', '66', '34', '99', '56', '117', '53', '33', '91', '105', '7', '36', '128', '112', '22', '30', '57', '67', '80', '102', '17', '18', '41', '24', '113', '62', '48', '60', '73', '115', '63', '31', '103', '5', '94', '109', '104', '116', '28', '83', '106', '98', '68', '122', '81', '65', '70', '54', '15', '35', '52', '29', '118', '87', '71', '120', '97', '45', '84', '95', '46', '50', '8', '89', '124', '19', '123', '13', '107', '101', '114', '51', '77', '47', '129', '11', '14']",False,,
6DUK,A,JBJ,0.7,[],False,,
6HD6,A,STI,0.7,[],False,,
6F7I,A,CW5,0.7,[],False,,
5V6U,B,8YM,0.7,"['53', '51', '50', '52']",False,,
5JUZ,F,YL4,0.7,"['56', '68', '10', '82', '53', '23', '26', '61', '75', '81', '65', '70', '54', '15', '35', '52', '36', '29', '79', '20', '72', '12', '71', '49', '22', '38', '42', '64', '30', '45', '84', '21', '46', '57', '59', '50', '67', '80', '17', '44', '58', '18', '69', '19', '41', '24', '76', '13', '62', '37', '48', '25', '27', '16', '60', '63', '73', '39', '55', '74', '78', '43', '51', '40', '77', '28', '66', '47', '83', '11', '14']",False,,
5F1U,A,3VN,0.7,"['56', '9', '10', '68', '53', '23', '26', '33', '61', '75', '7', '65', '70', '54', '3', '15', '35', '52', '2', '29', '36', '20', '72', '12', '71', '49', '22', '38', '42', '64', '30', '45', '21', '46', '57', '59', '50', '67', '32', '8', '17', '44', '58', '18', '69', '19', '41', '24', '13', '73', '62', '37', '48', '25', '27', '16', '60', '63', '31', '39', '5', '55', '4', '43', '51', '74', '40', '28', '66', '6', '34', '47', '11', '14']",False,,
8HUB,B,N4X,0.7,[],False,,
7GS7,A,RU4,0.7,"['56', '9', '10', '68', '53', '23', '26', '33', '61', '7', '65', '70', '54', '3', '15', '35', '52', '1', '2', '29', '36', '20', '12', '71', '49', '22', '38', '42', '64', '30', '45', '21', '46', '57', '59', '50', '67', '32', '8', '17', '44', '58', '18', '69', '19', '41', '24', '13', '62', '37', '48', '25', '27', '16', '60', '63', '31', '39', '5', '55', '4', '43', '51', '40', '28', '66', '6', '34', '47', '11', '14']",False,,
